move_id;move_name;move_type;move_category;move_PP;move_power;move_accuracy;move_gen
1;Pound;Normal;Physical;35;40;100;1
2;Karate Chop;Fighting;Physical;25;50;100;1
3;Double Slap;Normal;Physical;10;15;85;1
4;Comet Punch;Normal;Physical;15;18;85;1
5;Mega Punch;Normal;Physical;20;80;85;1
6;Pay Day;Normal;Physical;20;40;100;1
7;Fire Punch;Fire;Physical;15;75;100;1
8;Ice Punch;Ice;Physical;15;75;100;1
9;Thunder Punch;Electric;Physical;15;75;100;1
10;Scratch;Normal;Physical;35;40;100;1
11;Vise Grip;Normal;Physical;30;55;100;1
12;Guillotine;Normal;Physical;5;-1;30;1
13;Razor Wind;Normal;Special;10;80;100;1
14;Swords Dance;Normal;Status;20;-1;-1;1
15;Cut;Normal;Physical;30;50;95;1
16;Gust;Flying;Special;35;40;100;1
17;Wing Attack;Flying;Physical;35;60;100;1
18;Whirlwind;Normal;Status;20;-1;-1;1
19;Fly;Flying;Physical;15;90;95;1
20;Bind;Normal;Physical;20;15;85;1
21;Slam;Normal;Physical;20;80;75;1
22;Vine Whip;Grass;Physical;25;45;100;1
23;Stomp;Normal;Physical;20;65;100;1
24;Double Kick;Fighting;Physical;30;30;100;1
25;Mega Kick;Normal;Physical;5;120;75;1
26;Jump Kick;Fighting;Physical;10;100;95;1
27;Rolling Kick;Fighting;Physical;15;60;85;1
28;Sand Attack;Ground;Status;15;-1;100;1
29;Headbutt;Normal;Physical;15;70;100;1
30;Horn Attack;Normal;Physical;25;65;100;1
31;Fury Attack;Normal;Physical;20;15;85;1
32;Horn Drill;Normal;Physical;5;-1;30;1
33;Tackle;Normal;Physical;35;40;100;1
34;Body Slam;Normal;Physical;15;85;100;1
35;Wrap;Normal;Physical;20;15;90;1
36;Take Down;Normal;Physical;20;90;85;1
37;Thrash;Normal;Physical;10;120;100;1
38;Double-Edge;Normal;Physical;15;120;100;1
39;Tail Whip;Normal;Status;30;-1;100;1
40;Poison Sting;Poison;Physical;35;15;100;1
41;Twineedle;Bug;Physical;20;25;100;1
42;Pin Missile;Bug;Physical;20;25;95;1
43;Leer;Normal;Status;30;-1;100;1
44;Bite;Dark;Physical;25;60;100;1
45;Growl;Normal;Status;40;-1;100;1
46;Roar;Normal;Status;20;-1;-1;1
47;Sing;Normal;Status;15;-1;55;1
48;Supersonic;Normal;Status;20;-1;55;1
49;Sonic Boom;Normal;Special;20;-1;90;1
50;Disable;Normal;Status;20;-1;100;1
51;Acid;Poison;Special;30;40;100;1
52;Ember;Fire;Special;25;40;100;1
53;Flamethrower;Fire;Special;15;90;100;1
54;Mist;Ice;Status;30;-1;-1;1
55;Water Gun;Water;Special;25;40;100;1
56;Hydro Pump;Water;Special;5;110;80;1
57;Surf;Water;Special;15;90;100;1
58;Ice Beam;Ice;Special;10;90;100;1
59;Blizzard;Ice;Special;5;110;70;1
60;Psybeam;Psychic;Special;20;65;100;1
61;Bubble Beam;Water;Special;20;65;100;1
62;Aurora Beam;Ice;Special;20;65;100;1
63;Hyper Beam;Normal;Special;5;150;90;1
64;Peck;Flying;Physical;35;35;100;1
65;Drill Peck;Flying;Physical;20;80;100;1
66;Submission;Fighting;Physical;20;80;80;1
67;Low Kick;Fighting;Physical;20;-1;100;1
68;Counter;Fighting;Physical;20;-1;100;1
69;Seismic Toss;Fighting;Physical;20;-1;100;1
70;Strength;Normal;Physical;15;80;100;1
71;Absorb;Grass;Special;20;30;100;1
72;Mega Drain;Grass;Special;15;40;100;1
73;Leech Seed;Grass;Status;10;-1;90;1
74;Growth;Normal;Status;20;-1;-1;1
75;Razor Leaf;Grass;Physical;25;55;95;1
76;Solar Beam;Grass;Special;10;120;100;1
77;Poison Powder;Poison;Status;35;-1;75;1
78;Stun Spore;Grass;Status;20;-1;80;1
79;Sleep Powder;Grass;Status;15;-1;75;1
80;Petal Dance;Grass;Special;10;120;100;1
81;String Shot;Bug;Status;40;-1;95;1
82;Dragon Rage;Dragon;Special;10;-1;100;1
83;Fire Spin;Fire;Special;15;35;85;1
84;Thunder Shock;Electric;Special;30;40;100;1
85;Thunderbolt;Electric;Special;15;90;100;1
86;Thunder Wave;Electric;Status;20;-1;90;1
87;Thunder;Electric;Special;10;110;70;1
88;Rock Throw;Rock;Physical;15;50;90;1
89;Earthquake;Ground;Physical;10;100;100;1
90;Fissure;Ground;Physical;5;-1;30;1
91;Dig;Ground;Physical;10;80;100;1
92;Toxic;Poison;Status;10;-1;90;1
93;Confusion;Psychic;Special;25;50;100;1
94;Psychic;Psychic;Special;10;90;100;1
95;Hypnosis;Psychic;Status;20;-1;70;1
96;Meditate;Psychic;Status;40;-1;-1;1
97;Agility;Psychic;Status;30;-1;-1;1
98;Quick Attack;Normal;Physical;30;40;100;1
99;Rage;Normal;Physical;20;20;100;1
100;Teleport;Psychic;Status;20;-1;-1;1
101;Night Shade;Ghost;Special;15;-1;100;1
102;Mimic;Normal;Status;10;-1;-1;1
103;Screech;Normal;Status;40;-1;85;1
104;Double Team;Normal;Status;15;-1;-1;1
105;Recover;Normal;Status;10;-1;-1;1
106;Harden;Normal;Status;30;-1;-1;1
107;Minimize;Normal;Status;10;-1;-1;1
108;Smokescreen;Normal;Status;20;-1;100;1
109;Confuse Ray;Ghost;Status;10;-1;100;1
110;Withdraw;Water;Status;40;-1;-1;1
111;Defense Curl;Normal;Status;40;-1;-1;1
112;Barrier;Psychic;Status;20;-1;-1;1
113;Light Screen;Psychic;Status;30;-1;-1;1
114;Haze;Ice;Status;30;-1;-1;1
115;Reflect;Psychic;Status;20;-1;-1;1
116;Focus Energy;Normal;Status;30;-1;-1;1
117;Bide;Normal;Physical;10;-1;-1;1
118;Metronome;Normal;Status;10;-1;-1;1
119;Mirror Move;Flying;Status;20;-1;-1;1
120;Self-Destruct;Normal;Physical;5;200;100;1
121;Egg Bomb;Normal;Physical;10;100;75;1
122;Lick;Ghost;Physical;30;30;100;1
123;Smog;Poison;Special;20;30;70;1
124;Sludge;Poison;Special;20;65;100;1
125;Bone Club;Ground;Physical;20;65;85;1
126;Fire Blast;Fire;Special;5;110;85;1
127;Waterfall;Water;Physical;15;80;100;1
128;Clamp;Water;Physical;15;35;85;1
129;Swift;Normal;Special;20;60;-1;1
130;Skull Bash;Normal;Physical;10;130;100;1
131;Spike Cannon;Normal;Physical;15;20;100;1
132;Constrict;Normal;Physical;35;10;100;1
133;Amnesia;Psychic;Status;20;-1;-1;1
134;Kinesis;Psychic;Status;15;-1;80;1
135;Soft-Boiled;Normal;Status;10;-1;-1;1
136;High Jump Kick;Fighting;Physical;10;130;90;1
137;Glare;Normal;Status;30;-1;100;1
138;Dream Eater;Psychic;Special;15;100;100;1
139;Poison Gas;Poison;Status;40;-1;90;1
140;Barrage;Normal;Physical;20;15;85;1
141;Leech Life;Bug;Physical;10;80;100;1
142;Lovely Kiss;Normal;Status;10;-1;75;1
143;Sky Attack;Flying;Physical;5;140;90;1
144;Transform;Normal;Status;10;-1;-1;1
145;Bubble;Water;Special;30;40;100;1
146;Dizzy Punch;Normal;Physical;10;70;100;1
147;Spore;Grass;Status;10;-1;100;1
148;Flash;Normal;Status;20;-1;100;1
149;Psywave;Psychic;Special;15;-1;100;1
150;Splash;Normal;Status;40;-1;-1;1
151;Acid Armor;Poison;Status;20;-1;-1;1
152;Crabhammer;Water;Physical;10;100;90;1
153;Explosion;Normal;Physical;5;250;100;1
154;Fury Swipes;Normal;Physical;15;18;80;1
155;Bonemerang;Ground;Physical;10;50;90;1
156;Rest;Psychic;Status;10;-1;-1;1
157;Rock Slide;Rock;Physical;10;75;90;1
158;Hyper Fang;Normal;Physical;15;80;90;1
159;Sharpen;Normal;Status;30;-1;-1;1
160;Conversion;Normal;Status;30;-1;-1;1
161;Tri Attack;Normal;Special;10;80;100;1
162;Super Fang;Normal;Physical;10;-1;90;1
163;Slash;Normal;Physical;20;70;100;1
164;Substitute;Normal;Status;10;-1;-1;1
165;Struggle;Normal;Physical;1;50;-1;1
166;Sketch;Normal;Status;1;-1;-1;2
167;Triple Kick;Fighting;Physical;10;10;90;2
168;Thief;Dark;Physical;25;60;100;2
169;Spider Web;Bug;Status;10;-1;-1;2
170;Mind Reader;Normal;Status;5;-1;-1;2
171;Nightmare;Ghost;Status;15;-1;100;2
172;Flame Wheel;Fire;Physical;25;60;100;2
173;Snore;Normal;Special;15;50;100;2
174;Curse;Ghost;Status;10;-1;-1;2
175;Flail;Normal;Physical;15;-1;100;2
176;Conversion 2;Normal;Status;30;-1;-1;2
177;Aeroblast;Flying;Special;5;100;95;2
178;Cotton Spore;Grass;Status;40;-1;100;2
179;Reversal;Fighting;Physical;15;-1;100;2
180;Spite;Ghost;Status;10;-1;100;2
181;Powder Snow;Ice;Special;25;40;100;2
182;Protect;Normal;Status;10;-1;-1;2
183;Mach Punch;Fighting;Physical;30;40;100;2
184;Scary Face;Normal;Status;10;-1;100;2
185;Feint Attack;Dark;Physical;20;60;-1;2
186;Sweet Kiss;Fairy;Status;10;-1;75;2
187;Belly Drum;Normal;Status;10;-1;-1;2
188;Sludge Bomb;Poison;Special;10;90;100;2
189;Mud-Slap;Ground;Special;10;20;100;2
190;Octazooka;Water;Special;10;65;85;2
191;Spikes;Ground;Status;20;-1;-1;2
192;Zap Cannon;Electric;Special;5;120;50;2
193;Foresight;Normal;Status;40;-1;-1;2
194;Destiny Bond;Ghost;Status;5;-1;-1;2
195;Perish Song;Normal;Status;5;-1;-1;2
196;Icy Wind;Ice;Special;20;60;95;2
197;Detect;Fighting;Status;5;-1;-1;2
198;Bone Rush;Ground;Physical;10;25;90;2
199;Lock-On;Normal;Status;5;-1;-1;2
200;Outrage;Dragon;Physical;10;120;100;2
201;Sandstorm;Rock;Status;10;-1;-1;2
202;Giga Drain;Grass;Special;10;75;100;2
203;Endure;Normal;Status;10;-1;-1;2
204;Charm;Fairy;Status;20;-1;100;2
205;Rollout;Rock;Physical;20;30;90;2
206;False Swipe;Normal;Physical;40;40;100;2
207;Swagger;Normal;Status;15;-1;85;2
208;Milk Drink;Normal;Status;10;-1;-1;2
209;Spark;Electric;Physical;20;65;100;2
210;Fury Cutter;Bug;Physical;20;40;95;2
211;Steel Wing;Steel;Physical;25;70;90;2
212;Mean Look;Normal;Status;5;-1;-1;2
213;Attract;Normal;Status;15;-1;100;2
214;Sleep Talk;Normal;Status;10;-1;-1;2
215;Heal Bell;Normal;Status;5;-1;-1;2
216;Return;Normal;Physical;20;-1;100;2
217;Present;Normal;Physical;15;-1;90;2
218;Frustration;Normal;Physical;20;-1;100;2
219;Safeguard;Normal;Status;25;-1;-1;2
220;Pain Split;Normal;Status;20;-1;-1;2
221;Sacred Fire;Fire;Physical;5;100;95;2
222;Magnitude;Ground;Physical;30;-1;100;2
223;Dynamic Punch;Fighting;Physical;5;100;50;2
224;Megahorn;Bug;Physical;10;120;85;2
225;Dragon Breath;Dragon;Special;20;60;100;2
226;Baton Pass;Normal;Status;40;-1;-1;2
227;Encore;Normal;Status;5;-1;100;2
228;Pursuit;Dark;Physical;20;40;100;2
229;Rapid Spin;Normal;Physical;40;50;100;2
230;Sweet Scent;Normal;Status;20;-1;100;2
231;Iron Tail;Steel;Physical;15;100;75;2
232;Metal Claw;Steel;Physical;35;50;95;2
233;Vital Throw;Fighting;Physical;10;70;-1;2
234;Morning Sun;Normal;Status;5;-1;-1;2
235;Synthesis;Grass;Status;5;-1;-1;2
236;Moonlight;Fairy;Status;5;-1;-1;2
237;Hidden Power;Normal;Special;15;50;100;2
238;Cross Chop;Fighting;Physical;5;100;80;2
239;Twister;Dragon;Special;20;40;100;2
240;Rain Dance;Water;Status;5;-1;-1;2
241;Sunny Day;Fire;Status;5;-1;-1;2
242;Crunch;Dark;Physical;15;80;100;2
243;Mirror Coat;Psychic;Special;20;-1;100;2
244;Psych Up;Normal;Status;10;-1;-1;2
245;Extreme Speed;Normal;Physical;5;80;100;2
246;Ancient Power;Rock;Special;15;60;100;2
247;Shadow Ball;Ghost;Special;15;80;100;2
248;Future Sight;Psychic;Special;10;120;100;2
249;Rock Smash;Fighting;Physical;15;40;100;2
250;Whirlpool;Water;Special;15;35;85;2
251;Beat Up;Dark;Physical;10;-1;100;2
252;Fake Out;Normal;Physical;10;40;100;3
253;Uproar;Normal;Special;10;90;100;3
254;Stockpile;Normal;Status;20;-1;-1;3
255;Spit Up;Normal;Special;10;-1;100;3
256;Swallow;Normal;Status;10;-1;-1;3
257;Heat Wave;Fire;Special;10;95;90;3
258;Hail;Ice;Status;10;-1;-1;3
259;Torment;Dark;Status;15;-1;100;3
260;Flatter;Dark;Status;15;-1;100;3
261;Will-O-Wisp;Fire;Status;15;-1;85;3
262;Memento;Dark;Status;10;-1;100;3
263;Facade;Normal;Physical;20;70;100;3
264;Focus Punch;Fighting;Physical;20;150;100;3
265;Smelling Salts;Normal;Physical;10;70;100;3
266;Follow Me;Normal;Status;20;-1;-1;3
267;Nature Power;Normal;Status;20;-1;-1;3
268;Charge;Electric;Status;20;-1;-1;3
269;Taunt;Dark;Status;20;-1;100;3
270;Helping Hand;Normal;Status;20;-1;-1;3
271;Trick;Psychic;Status;10;-1;100;3
272;Role Play;Psychic;Status;10;-1;-1;3
273;Wish;Normal;Status;10;-1;-1;3
274;Assist;Normal;Status;20;-1;-1;3
275;Ingrain;Grass;Status;20;-1;-1;3
276;Superpower;Fighting;Physical;5;120;100;3
277;Magic Coat;Psychic;Status;15;-1;-1;3
278;Recycle;Normal;Status;10;-1;-1;3
279;Revenge;Fighting;Physical;10;60;100;3
280;Brick Break;Fighting;Physical;15;75;100;3
281;Yawn;Normal;Status;10;-1;-1;3
282;Knock Off;Dark;Physical;20;65;100;3
283;Endeavor;Normal;Physical;5;-1;100;3
284;Eruption;Fire;Special;5;150;100;3
285;Skill Swap;Psychic;Status;10;-1;-1;3
286;Imprison;Psychic;Status;10;-1;-1;3
287;Refresh;Normal;Status;20;-1;-1;3
288;Grudge;Ghost;Status;5;-1;-1;3
289;Snatch;Dark;Status;10;-1;-1;3
290;Secret Power;Normal;Physical;20;70;100;3
291;Dive;Water;Physical;10;80;100;3
292;Arm Thrust;Fighting;Physical;20;15;100;3
293;Camouflage;Normal;Status;20;-1;-1;3
294;Tail Glow;Bug;Status;20;-1;-1;3
295;Luster Purge;Psychic;Special;5;70;100;3
296;Mist Ball;Psychic;Special;5;70;100;3
297;Feather Dance;Flying;Status;15;-1;100;3
298;Teeter Dance;Normal;Status;20;-1;100;3
299;Blaze Kick;Fire;Physical;10;85;90;3
300;Mud Sport;Ground;Status;15;-1;-1;3
301;Ice Ball;Ice;Physical;20;40;90;3
302;Needle Arm;Grass;Physical;15;60;100;3
303;Slack Off;Normal;Status;10;-1;-1;3
304;Hyper Voice;Normal;Special;10;90;100;3
305;Poison Fang;Poison;Physical;15;50;100;3
306;Crush Claw;Normal;Physical;10;75;95;3
307;Blast Burn;Fire;Special;5;150;90;3
308;Hydro Cannon;Water;Special;5;150;90;3
309;Meteor Mash;Steel;Physical;10;90;90;3
310;Astonish;Ghost;Physical;25;30;100;3
311;Weather Ball;Normal;Special;10;50;100;3
312;Aromatherapy;Grass;Status;5;-1;-1;3
313;Fake Tears;Dark;Status;20;-1;100;3
314;Air Cutter;Flying;Special;25;60;95;3
315;Overheat;Fire;Special;5;130;90;3
316;Odor Sleuth;Normal;Status;40;-1;-1;3
317;Rock Tomb;Rock;Physical;15;60;95;3
318;Silver Wind;Bug;Special;15;60;100;3
319;Metal Sound;Steel;Status;40;-1;85;3
320;Grass Whistle;Grass;Status;15;-1;55;3
321;Tickle;Normal;Status;20;-1;100;3
322;Cosmic Power;Psychic;Status;20;-1;-1;3
323;Water Spout;Water;Special;5;150;100;3
324;Signal Beam;Bug;Special;15;75;100;3
325;Shadow Punch;Ghost;Physical;20;60;-1;3
326;Extrasensory;Psychic;Special;20;80;100;3
327;Sky Uppercut;Fighting;Physical;15;85;90;3
328;Sand Tomb;Ground;Physical;15;35;85;3
329;Sheer Cold;Ice;Special;5;-1;30;3
330;Muddy Water;Water;Special;10;90;85;3
331;Bullet Seed;Grass;Physical;30;25;100;3
332;Aerial Ace;Flying;Physical;20;60;-1;3
333;Icicle Spear;Ice;Physical;30;25;100;3
334;Iron Defense;Steel;Status;15;-1;-1;3
335;Block;Normal;Status;5;-1;-1;3
336;Howl;Normal;Status;40;-1;-1;3
337;Dragon Claw;Dragon;Physical;15;80;100;3
338;Frenzy Plant;Grass;Special;5;150;90;3
339;Bulk Up;Fighting;Status;20;-1;-1;3
340;Bounce;Flying;Physical;5;85;85;3
341;Mud Shot;Ground;Special;15;55;95;3
342;Poison Tail;Poison;Physical;25;50;100;3
343;Covet;Normal;Physical;25;60;100;3
344;Volt Tackle;Electric;Physical;15;120;100;3
345;Magical Leaf;Grass;Special;20;60;-1;3
346;Water Sport;Water;Status;15;-1;-1;3
347;Calm Mind;Psychic;Status;20;-1;-1;3
348;Leaf Blade;Grass;Physical;15;90;100;3
349;Dragon Dance;Dragon;Status;20;-1;-1;3
350;Rock Blast;Rock;Physical;10;25;90;3
351;Shock Wave;Electric;Special;20;60;-1;3
352;Water Pulse;Water;Special;20;60;100;3
353;Doom Desire;Steel;Special;5;140;100;3
354;Psycho Boost;Psychic;Special;5;140;90;3
355;Roost;Flying;Status;10;-1;-1;4
356;Gravity;Psychic;Status;5;-1;-1;4
357;Miracle Eye;Psychic;Status;40;-1;-1;4
358;Wake-Up Slap;Fighting;Physical;10;70;100;4
359;Hammer Arm;Fighting;Physical;10;100;90;4
360;Gyro Ball;Steel;Physical;5;-1;100;4
361;Healing Wish;Psychic;Status;10;-1;-1;4
362;Brine;Water;Special;10;65;100;4
363;Natural Gift;Normal;Physical;15;-1;100;4
364;Feint;Normal;Physical;10;30;100;4
365;Pluck;Flying;Physical;20;60;100;4
366;Tailwind;Flying;Status;15;-1;-1;4
367;Acupressure;Normal;Status;30;-1;-1;4
368;Metal Burst;Steel;Physical;10;-1;100;4
369;U-turn;Bug;Physical;20;70;100;4
370;Close Combat;Fighting;Physical;5;120;100;4
371;Payback;Dark;Physical;10;50;100;4
372;Assurance;Dark;Physical;10;60;100;4
373;Embargo;Dark;Status;15;-1;100;4
374;Fling;Dark;Physical;10;-1;100;4
375;Psycho Shift;Psychic;Status;10;-1;100;4
376;Trump Card;Normal;Special;5;-1;-1;4
377;Heal Block;Psychic;Status;15;-1;100;4
378;Wring Out;Normal;Special;5;-1;100;4
379;Power Trick;Psychic;Status;10;-1;-1;4
380;Gastro Acid;Poison;Status;10;-1;100;4
381;Lucky Chant;Normal;Status;30;-1;-1;4
382;Me First;Normal;Status;20;-1;-1;4
383;Copycat;Normal;Status;20;-1;-1;4
384;Power Swap;Psychic;Status;10;-1;-1;4
385;Guard Swap;Psychic;Status;10;-1;-1;4
386;Punishment;Dark;Physical;5;-1;100;4
387;Last Resort;Normal;Physical;5;140;100;4
388;Worry Seed;Grass;Status;10;-1;100;4
389;Sucker Punch;Dark;Physical;5;70;100;4
390;Toxic Spikes;Poison;Status;20;-1;-1;4
391;Heart Swap;Psychic;Status;10;-1;-1;4
392;Aqua Ring;Water;Status;20;-1;-1;4
393;Magnet Rise;Electric;Status;10;-1;-1;4
394;Flare Blitz;Fire;Physical;15;120;100;4
395;Force Palm;Fighting;Physical;10;60;100;4
396;Aura Sphere;Fighting;Special;20;80;-1;4
397;Rock Polish;Rock;Status;20;-1;-1;4
398;Poison Jab;Poison;Physical;20;80;100;4
399;Dark Pulse;Dark;Special;15;80;100;4
400;Night Slash;Dark;Physical;15;70;100;4
401;Aqua Tail;Water;Physical;10;90;90;4
402;Seed Bomb;Grass;Physical;15;80;100;4
403;Air Slash;Flying;Special;15;75;95;4
404;X-Scissor;Bug;Physical;15;80;100;4
405;Bug Buzz;Bug;Special;10;90;100;4
406;Dragon Pulse;Dragon;Special;10;85;100;4
407;Dragon Rush;Dragon;Physical;10;100;75;4
408;Power Gem;Rock;Special;20;80;100;4
409;Drain Punch;Fighting;Physical;10;75;100;4
410;Vacuum Wave;Fighting;Special;30;40;100;4
411;Focus Blast;Fighting;Special;5;120;70;4
412;Energy Ball;Grass;Special;10;80;100;4
413;Brave Bird;Flying;Physical;15;120;100;4
414;Earth Power;Ground;Special;10;90;100;4
415;Switcheroo;Dark;Status;10;-1;100;4
416;Giga Impact;Normal;Physical;5;150;90;4
417;Nasty Plot;Dark;Status;20;-1;-1;4
418;Bullet Punch;Steel;Physical;30;40;100;4
419;Avalanche;Ice;Physical;10;60;100;4
420;Ice Shard;Ice;Physical;30;40;100;4
421;Shadow Claw;Ghost;Physical;15;70;100;4
422;Thunder Fang;Electric;Physical;15;65;95;4
423;Ice Fang;Ice;Physical;15;65;95;4
424;Fire Fang;Fire;Physical;15;65;95;4
425;Shadow Sneak;Ghost;Physical;30;40;100;4
426;Mud Bomb;Ground;Special;10;65;85;4
427;Psycho Cut;Psychic;Physical;20;70;100;4
428;Zen Headbutt;Psychic;Physical;15;80;90;4
429;Mirror Shot;Steel;Special;10;65;85;4
430;Flash Cannon;Steel;Special;10;80;100;4
431;Rock Climb;Normal;Physical;20;90;85;4
432;Defog;Flying;Status;15;-1;-1;4
433;Trick Room;Psychic;Status;5;-1;-1;4
434;Draco Meteor;Dragon;Special;5;130;90;4
435;Discharge;Electric;Special;15;80;100;4
436;Lava Plume;Fire;Special;15;80;100;4
437;Leaf Storm;Grass;Special;5;130;90;4
438;Power Whip;Grass;Physical;10;120;85;4
439;Rock Wrecker;Rock;Physical;5;150;90;4
440;Cross Poison;Poison;Physical;20;70;100;4
441;Gunk Shot;Poison;Physical;5;120;80;4
442;Iron Head;Steel;Physical;15;80;100;4
443;Magnet Bomb;Steel;Physical;20;60;-1;4
444;Stone Edge;Rock;Physical;5;100;80;4
445;Captivate;Normal;Status;20;-1;100;4
446;Stealth Rock;Rock;Status;20;-1;-1;4
447;Grass Knot;Grass;Special;20;-1;100;4
448;Chatter;Flying;Special;20;65;100;4
449;Judgment;Normal;Special;5;100;100;4
450;Bug Bite;Bug;Physical;20;60;100;4
451;Charge Beam;Electric;Special;10;50;90;4
452;Wood Hammer;Grass;Physical;15;120;100;4
453;Aqua Jet;Water;Physical;20;40;100;4
454;Attack Order;Bug;Physical;15;90;100;4
455;Defend Order;Bug;Status;10;-1;-1;4
456;Heal Order;Bug;Status;10;-1;-1;4
457;Head Smash;Rock;Physical;5;150;80;4
458;Double Hit;Normal;Physical;10;35;90;4
459;Roar of Time;Dragon;Special;5;150;90;4
460;Spacial Rend;Dragon;Special;5;100;95;4
461;Lunar Dance;Psychic;Status;10;-1;-1;4
462;Crush Grip;Normal;Physical;5;-1;100;4
463;Magma Storm;Fire;Special;5;100;75;4
464;Dark Void;Dark;Status;10;-1;90;4
465;Seed Flare;Grass;Special;5;120;85;4
466;Ominous Wind;Ghost;Special;5;60;100;4
467;Shadow Force;Ghost;Physical;5;120;100;4
468;Hone Claws;Dark;Status;15;-1;-1;5
469;Wide Guard;Rock;Status;10;-1;-1;5
470;Guard Split;Psychic;Status;10;-1;-1;5
471;Power Split;Psychic;Status;10;-1;-1;5
472;Wonder Room;Psychic;Status;10;-1;-1;5
473;Psyshock;Psychic;Special;10;80;100;5
474;Venoshock;Poison;Special;15;65;100;5
475;Autotomize;Steel;Status;15;-1;-1;5
476;Rage Powder;Bug;Status;20;-1;-1;5
477;Telekinesis;Psychic;Status;15;-1;-1;5
478;Magic Room;Psychic;Status;10;-1;-1;5
479;Smack Down;Rock;Physical;15;50;100;5
480;Storm Throw;Fighting;Physical;10;60;100;5
481;Flame Burst;Fire;Special;15;70;100;5
482;Sludge Wave;Poison;Special;10;95;100;5
483;Quiver Dance;Bug;Status;20;-1;-1;5
484;Heavy Slam;Steel;Physical;10;-1;100;5
485;Synchronoise;Psychic;Special;10;120;100;5
486;Electro Ball;Electric;Special;10;-1;100;5
487;Soak;Water;Status;20;-1;100;5
488;Flame Charge;Fire;Physical;20;50;100;5
489;Coil;Poison;Status;20;-1;-1;5
490;Low Sweep;Fighting;Physical;20;65;100;5
491;Acid Spray;Poison;Special;20;40;100;5
492;Foul Play;Dark;Physical;15;95;100;5
493;Simple Beam;Normal;Status;15;-1;100;5
494;Entrainment;Normal;Status;15;-1;100;5
495;After You;Normal;Status;15;-1;-1;5
496;Round;Normal;Special;15;60;100;5
497;Echoed Voice;Normal;Special;15;40;100;5
498;Chip Away;Normal;Physical;20;70;100;5
499;Clear Smog;Poison;Special;15;50;-1;5
500;Stored Power;Psychic;Special;10;20;100;5
501;Quick Guard;Fighting;Status;15;-1;-1;5
502;Ally Switch;Psychic;Status;15;-1;-1;5
503;Scald;Water;Special;15;80;100;5
504;Shell Smash;Normal;Status;15;-1;-1;5
505;Heal Pulse;Psychic;Status;10;-1;-1;5
506;Hex;Ghost;Special;15;65;100;5
507;Sky Drop;Flying;Physical;10;60;100;5
508;Shift Gear;Steel;Status;10;-1;-1;5
509;Circle Throw;Fighting;Physical;10;60;90;5
510;Incinerate;Fire;Special;15;60;100;5
511;Quash;Dark;Status;15;-1;100;5
512;Acrobatics;Flying;Physical;15;55;100;5
513;Reflect Type;Normal;Status;15;-1;-1;5
514;Retaliate;Normal;Physical;5;70;100;5
515;Final Gambit;Fighting;Special;5;-1;100;5
516;Bestow;Normal;Status;15;-1;-1;5
517;Inferno;Fire;Special;5;100;50;5
518;Water Pledge;Water;Special;10;80;100;5
519;Fire Pledge;Fire;Special;10;80;100;5
520;Grass Pledge;Grass;Special;10;80;100;5
521;Volt Switch;Electric;Special;20;70;100;5
522;Struggle Bug;Bug;Special;20;50;100;5
523;Bulldoze;Ground;Physical;20;60;100;5
524;Frost Breath;Ice;Special;10;60;90;5
525;Dragon Tail;Dragon;Physical;10;60;90;5
526;Work Up;Normal;Status;30;-1;-1;5
527;Electroweb;Electric;Special;15;55;95;5
528;Wild Charge;Electric;Physical;15;90;100;5
529;Drill Run;Ground;Physical;10;80;95;5
530;Dual Chop;Dragon;Physical;15;40;90;5
531;Heart Stamp;Psychic;Physical;25;60;100;5
532;Horn Leech;Grass;Physical;10;75;100;5
533;Sacred Sword;Fighting;Physical;15;90;100;5
534;Razor Shell;Water;Physical;10;75;95;5
535;Heat Crash;Fire;Physical;10;-1;100;5
536;Leaf Tornado;Grass;Special;10;65;90;5
537;Steamroller;Bug;Physical;20;65;100;5
538;Cotton Guard;Grass;Status;10;-1;-1;5
539;Night Daze;Dark;Special;10;85;95;5
540;Psystrike;Psychic;Special;10;100;100;5
541;Tail Slap;Normal;Physical;10;25;85;5
542;Hurricane;Flying;Special;10;110;70;5
543;Head Charge;Normal;Physical;15;120;100;5
544;Gear Grind;Steel;Physical;15;50;85;5
545;Searing Shot;Fire;Special;5;100;100;5
546;Techno Blast;Normal;Special;5;120;100;5
547;Relic Song;Normal;Special;10;75;100;5
548;Secret Sword;Fighting;Special;10;85;100;5
549;Glaciate;Ice;Special;10;65;95;5
550;Bolt Strike;Electric;Physical;5;130;85;5
551;Blue Flare;Fire;Special;5;130;85;5
552;Fiery Dance;Fire;Special;10;80;100;5
553;Freeze Shock;Ice;Physical;5;140;90;5
554;Ice Burn;Ice;Special;5;140;90;5
555;Snarl;Dark;Special;15;60;95;5
556;Icicle Crash;Ice;Physical;10;85;90;5
557;V-create;Fire;Physical;5;180;95;5
558;Fusion Flare;Fire;Special;5;100;100;5
559;Fusion Bolt;Electric;Physical;5;100;100;5
560;Flying Press;Fighting;Physical;10;100;95;6
561;Mat Block;Fighting;Status;10;-1;-1;6
562;Belch;Poison;Special;10;120;90;6
563;Rototiller;Ground;Status;10;-1;-1;6
564;Sticky Web;Bug;Status;20;-1;-1;6
565;Fell Stinger;Bug;Physical;25;50;100;6
566;Phantom Force;Ghost;Physical;10;90;100;6
567;Trick-or-Treat;Ghost;Status;20;-1;100;6
568;Noble Roar;Normal;Status;30;-1;100;6
569;Ion Deluge;Electric;Status;25;-1;-1;6
570;Parabolic Charge;Electric;Special;20;65;100;6
571;Forest's Curse;Grass;Status;20;-1;100;6
572;Petal Blizzard;Grass;Physical;15;90;100;6
573;Freeze-Dry;Ice;Special;20;70;100;6
574;Disarming Voice;Fairy;Special;15;40;-1;6
575;Parting Shot;Dark;Status;20;-1;100;6
576;Topsy-Turvy;Dark;Status;20;-1;-1;6
577;Draining Kiss;Fairy;Special;10;50;100;6
578;Crafty Shield;Fairy;Status;10;-1;-1;6
579;Flower Shield;Fairy;Status;10;-1;-1;6
580;Grassy Terrain;Grass;Status;10;-1;-1;6
581;Misty Terrain;Fairy;Status;10;-1;-1;6
582;Electrify;Electric;Status;20;-1;-1;6
583;Play Rough;Fairy;Physical;10;90;90;6
584;Fairy Wind;Fairy;Special;30;40;100;6
585;Moonblast;Fairy;Special;15;95;100;6
586;Boomburst;Normal;Special;10;140;100;6
587;Fairy Lock;Fairy;Status;10;-1;-1;6
588;King's Shield;Steel;Status;10;-1;-1;6
589;Play Nice;Normal;Status;20;-1;-1;6
590;Confide;Normal;Status;20;-1;-1;6
591;Diamond Storm;Rock;Physical;5;100;95;6
592;Steam Eruption;Water;Special;5;110;95;6
593;Hyperspace Hole;Psychic;Special;5;80;-1;6
594;Water Shuriken;Water;Special;20;15;100;6
595;Mystical Fire;Fire;Special;10;70;100;6
596;Spiky Shield;Grass;Status;10;-1;-1;6
597;Aromatic Mist;Fairy;Status;20;-1;-1;6
598;Eerie Impulse;Electric;Status;15;-1;100;6
599;Venom Drench;Poison;Status;20;-1;100;6
600;Powder;Bug;Status;20;-1;100;6
601;Geomancy;Fairy;Status;10;-1;-1;6
602;Magnetic Flux;Electric;Status;20;-1;-1;6
603;Happy Hour;Normal;Status;30;-1;-1;6
604;Electric Terrain;Electric;Status;10;-1;-1;6
605;Dazzling Gleam;Fairy;Special;10;80;100;6
606;Celebrate;Normal;Status;40;-1;-1;6
607;Hold Hands;Normal;Status;40;-1;-1;6
608;Baby-Doll Eyes;Fairy;Status;30;-1;100;6
609;Nuzzle;Electric;Physical;20;20;100;6
610;Hold Back;Normal;Physical;40;40;100;6
611;Infestation;Bug;Special;20;20;100;6
612;Power-Up Punch;Fighting;Physical;20;40;100;6
613;Oblivion Wing;Flying;Special;10;80;100;6
614;Thousand Arrows;Ground;Physical;10;90;100;6
615;Thousand Waves;Ground;Physical;10;90;100;6
616;Land's Wrath;Ground;Physical;10;90;100;6
617;Light of Ruin;Fairy;Special;5;140;90;6
618;Origin Pulse;Water;Special;10;110;85;6
619;Precipice Blades;Ground;Physical;10;120;85;6
620;Dragon Ascent;Flying;Physical;5;120;100;6
621;Hyperspace Fury;Dark;Physical;5;100;-1;6
622;Breakneck Blitz;Normal;Varies;-1;-1;-1;7
623;Breakneck Blitz;Normal;Varies;-1;-1;-1;7
624;All-Out Pummeling;Fighting;Varies;-1;-1;-1;7
625;All-Out Pummeling;Fighting;Varies;-1;-1;-1;7
626;Supersonic Skystrike;Flying;Varies;-1;-1;-1;7
627;Supersonic Skystrike;Flying;Varies;-1;-1;-1;7
628;Acid Downpour;Poison;Varies;-1;-1;-1;7
629;Acid Downpour;Poison;Varies;-1;-1;-1;7
630;Tectonic Rage;Ground;Varies;-1;-1;-1;7
631;Tectonic Rage;Ground;Varies;-1;-1;-1;7
632;Continental Crush;Rock;Varies;-1;-1;-1;7
633;Continental Crush;Rock;Varies;-1;-1;-1;7
634;Savage Spin-Out;Bug;Varies;-1;-1;-1;7
635;Savage Spin-Out;Bug;Varies;-1;-1;-1;7
636;Never-Ending Nightmare;Ghost;Varies;-1;-1;-1;7
637;Never-Ending Nightmare;Ghost;Varies;-1;-1;-1;7
638;Corkscrew Crash;Steel;Varies;-1;-1;-1;7
639;Corkscrew Crash;Steel;Varies;-1;-1;-1;7
640;Inferno Overdrive;Fire;Varies;-1;-1;-1;7
641;Inferno Overdrive;Fire;Varies;-1;-1;-1;7
642;Hydro Vortex;Water;Varies;-1;-1;-1;7
643;Hydro Vortex;Water;Varies;-1;-1;-1;7
644;Bloom Doom;Grass;Varies;-1;-1;-1;7
645;Bloom Doom;Grass;Varies;-1;-1;-1;7
646;Gigavolt Havoc;Electric;Varies;-1;-1;-1;7
647;Gigavolt Havoc;Electric;Varies;-1;-1;-1;7
648;Shattered Psyche;Psychic;Varies;-1;-1;-1;7
649;Shattered Psyche;Psychic;Varies;-1;-1;-1;7
650;Subzero Slammer;Ice;Varies;-1;-1;-1;7
651;Subzero Slammer;Ice;Varies;-1;-1;-1;7
652;Devastating Drake;Dragon;Varies;-1;-1;-1;7
653;Devastating Drake;Dragon;Varies;-1;-1;-1;7
654;Black Hole Eclipse;Dark;Varies;-1;-1;-1;7
655;Black Hole Eclipse;Dark;Varies;-1;-1;-1;7
656;Twinkle Tackle;Fairy;Varies;-1;-1;-1;7
657;Twinkle Tackle;Fairy;Varies;-1;-1;-1;7
658;Catastropika;Electric;Physical;-1;210;-1;7
659;Shore Up;Ground;Status;10;-1;-1;7
660;First Impression;Bug;Physical;10;90;100;7
661;Baneful Bunker;Poison;Status;10;-1;-1;7
662;Spirit Shackle;Ghost;Physical;10;80;100;7
663;Darkest Lariat;Dark;Physical;10;85;100;7
664;Sparkling Aria;Water;Special;10;90;100;7
665;Ice Hammer;Ice;Physical;10;100;90;7
666;Floral Healing;Fairy;Status;10;-1;-1;7
667;High Horsepower;Ground;Physical;10;95;95;7
668;Strength Sap;Grass;Status;10;-1;100;7
669;Solar Blade;Grass;Physical;10;125;100;7
670;Leafage;Grass;Physical;40;40;100;7
671;Spotlight;Normal;Status;15;-1;-1;7
672;Toxic Thread;Poison;Status;20;-1;100;7
673;Laser Focus;Normal;Status;30;-1;-1;7
674;Gear Up;Steel;Status;20;-1;-1;7
675;Throat Chop;Dark;Physical;15;80;100;7
676;Pollen Puff;Bug;Special;15;90;100;7
677;Anchor Shot;Steel;Physical;20;80;100;7
678;Psychic Terrain;Psychic;Status;10;-1;-1;7
679;Lunge;Bug;Physical;15;80;100;7
680;Fire Lash;Fire;Physical;15;80;100;7
681;Power Trip;Dark;Physical;10;20;100;7
682;Burn Up;Fire;Special;5;130;100;7
683;Speed Swap;Psychic;Status;10;-1;-1;7
684;Smart Strike;Steel;Physical;10;70;-1;7
685;Purify;Poison;Status;20;-1;-1;7
686;Revelation Dance;Normal;Special;15;90;100;7
687;Core Enforcer;Dragon;Special;10;100;100;7
688;Trop Kick;Grass;Physical;15;70;100;7
689;Instruct;Psychic;Status;15;-1;-1;7
690;Beak Blast;Flying;Physical;15;100;100;7
691;Clanging Scales;Dragon;Special;5;110;100;7
692;Dragon Hammer;Dragon;Physical;15;90;100;7
693;Brutal Swing;Dark;Physical;20;60;100;7
694;Aurora Veil;Ice;Status;20;-1;-1;7
695;Sinister Arrow Raid;Ghost;Physical;-1;180;-1;7
696;Malicious Moonsault;Dark;Physical;-1;180;-1;7
697;Oceanic Operetta;Water;Special;-1;195;-1;7
698;Guardian of Alola;Fairy;Special;-1;-1;-1;7
699;Soul-Stealing 7-Star Strike;Ghost;Physical;-1;195;-1;7
700;Stoked Sparksurfer;Electric;Special;-1;175;-1;7
701;Pulverizing Pancake;Normal;Physical;-1;210;-1;7
702;Extreme Evoboost;Normal;Status;-1;-1;-1;7
703;Genesis Supernova;Psychic;Special;-1;185;-1;7
704;Shell Trap;Fire;Special;5;150;100;7
705;Fleur Cannon;Fairy;Special;5;130;90;7
706;Psychic Fangs;Psychic;Physical;10;85;100;7
707;Stomping Tantrum;Ground;Physical;10;75;100;7
708;Shadow Bone;Ghost;Physical;10;85;100;7
709;Accelerock;Rock;Physical;20;40;100;7
710;Liquidation;Water;Physical;10;85;100;7
711;Prismatic Laser;Psychic;Special;10;160;100;7
712;Spectral Thief;Ghost;Physical;10;90;100;7
713;Sunsteel Strike;Steel;Physical;5;100;100;7
714;Moongeist Beam;Ghost;Special;5;100;100;7
715;Tearful Look;Normal;Status;20;-1;-1;7
716;Zing Zap;Electric;Physical;10;80;100;7
717;Nature's Madness;Fairy;Special;10;-1;90;7
718;Multi-Attack;Normal;Physical;10;120;100;7
719;10,000,000 Volt Thunderbolt;Electric;Special;-1;195;-1;7
720;Mind Blown;Fire;Special;5;150;100;7
721;Plasma Fists;Electric;Physical;15;100;100;7
722;Photon Geyser;Psychic;Special;5;100;100;7
723;Light That Burns the Sky;Psychic;Special;-1;200;-1;7
724;Searing Sunraze Smash;Steel;Physical;-1;200;-1;7
725;Menacing Moonraze Maelstrom;Ghost;Special;-1;200;-1;7
726;Let's Snuggle Forever;Fairy;Physical;-1;190;-1;7
727;Splintered Stormshards;Rock;Physical;-1;190;-1;7
728;Clangorous Soulblaze;Dragon;Special;-1;185;-1;7
729;Zippy Zap;Electric;Physical;15;50;100;7
730;Splishy Splash;Water;Special;15;90;100;7
731;Floaty Fall;Flying;Physical;15;90;95;7
732;Pika Papow;Electric;Special;20;-1;-1;7
733;Bouncy Bubble;Water;Special;15;90;100;7
734;Buzzy Buzz;Electric;Special;15;90;100;7
735;Sizzly Slide;Fire;Physical;15;90;100;7
736;Glitzy Glow;Psychic;Special;15;90;100;7
737;Baddy Bad;Dark;Special;15;90;100;7
738;Sappy Seed;Grass;Physical;15;90;100;7
739;Freezy Frost;Ice;Special;15;90;100;7
740;Sparkly Swirl;Fairy;Special;15;90;100;7
741;Veevee Volley;Normal;Physical;20;-1;-1;7
742;Double Iron Bash;Steel;Physical;5;60;100;7
743;Max Guard;Normal;Status;-1;-1;-1;8
744;Dynamax Cannon;Dragon;Special;5;100;100;8
745;Snipe Shot;Water;Special;15;80;100;8
746;Jaw Lock;Dark;Physical;10;80;100;8
747;Stuff Cheeks;Normal;Status;10;-1;-1;8
748;No Retreat;Fighting;Status;5;-1;-1;8
749;Tar Shot;Rock;Status;15;-1;100;8
750;Magic Powder;Psychic;Status;20;-1;100;8
751;Dragon Darts;Dragon;Physical;10;50;100;8
752;Teatime;Normal;Status;10;-1;-1;8
753;Octolock;Fighting;Status;15;-1;100;8
754;Bolt Beak;Electric;Physical;10;85;100;8
755;Fishious Rend;Water;Physical;10;85;100;8
756;Court Change;Normal;Status;10;-1;100;8
757;Max Flare;Fire;Varies;-1;-1;-1;8
758;Max Flutterby;Bug;Varies;-1;-1;-1;8
759;Max Lightning;Electric;Varies;-1;-1;-1;8
760;Max Strike;Normal;Varies;-1;-1;-1;8
761;Max Knuckle;Fighting;Varies;-1;-1;-1;8
762;Max Phantasm;Ghost;Varies;-1;-1;-1;8
763;Max Hailstorm;Ice;Varies;-1;-1;-1;8
764;Max Ooze;Poison;Varies;-1;-1;-1;8
765;Max Geyser;Water;Varies;-1;-1;-1;8
766;Max Airstream;Flying;Varies;-1;-1;-1;8
767;Max Starfall;Fairy;Varies;-1;-1;-1;8
768;Max Wyrmwind;Dragon;Varies;-1;-1;-1;8
769;Max Mindstorm;Psychic;Varies;-1;-1;-1;8
770;Max Rockfall;Rock;Varies;-1;-1;-1;8
771;Max Quake;Ground;Varies;-1;-1;-1;8
772;Max Darkness;Dark;Varies;-1;-1;-1;8
773;Max Overgrowth;Grass;Varies;-1;-1;-1;8
774;Max Steelspike;Steel;Varies;-1;-1;-1;8
775;Clangorous Soul;Dragon;Status;5;-1;-1;8
776;Body Press;Fighting;Physical;10;80;100;8
777;Decorate;Fairy;Status;15;-1;-1;8
778;Drum Beating;Grass;Physical;10;80;100;8
779;Snap Trap;Grass;Physical;15;35;100;8
780;Pyro Ball;Fire;Physical;5;120;90;8
781;Behemoth Blade;Steel;Physical;5;100;100;8
782;Behemoth Bash;Steel;Physical;5;100;100;8
783;Aura Wheel;Electric;Physical;10;110;100;8
784;Breaking Swipe;Dragon;Physical;15;60;100;8
785;Branch Poke;Grass;Physical;40;40;100;8
786;Overdrive;Electric;Special;10;80;100;8
787;Apple Acid;Grass;Special;10;80;100;8
788;Grav Apple;Grass;Physical;10;80;100;8
789;Spirit Break;Fairy;Physical;15;75;100;8
790;Strange Steam;Fairy;Special;10;90;95;8
791;Life Dew;Water;Status;10;-1;-1;8
792;Obstruct;Dark;Status;10;-1;100;8
793;False Surrender;Dark;Physical;10;80;-1;8
794;Meteor Assault;Fighting;Physical;5;150;100;8
795;Eternabeam;Dragon;Special;5;160;90;8
796;Steel Beam;Steel;Special;5;140;95;8
797;Expanding Force;Psychic;Special;10;80;100;8
798;Steel Roller;Steel;Physical;5;130;100;8
799;Scale Shot;Dragon;Physical;20;25;90;8
800;Meteor Beam;Rock;Special;10;120;90;8
801;Shell Side Arm;Poison;Special;10;90;100;8
802;Misty Explosion;Fairy;Special;5;100;100;8
803;Grassy Glide;Grass;Physical;20;70;100;8
804;Rising Voltage;Electric;Special;20;70;100;8
805;Terrain Pulse;Normal;Special;10;50;100;8
806;Skitter Smack;Bug;Physical;10;70;90;8
807;Burning Jealousy;Fire;Special;5;70;100;8
808;Lash Out;Dark;Physical;5;75;100;8
809;Poltergeist;Ghost;Physical;5;110;90;8
810;Corrosive Gas;Poison;Status;40;-1;100;8
811;Coaching;Fighting;Status;10;-1;-1;8
812;Flip Turn;Water;Physical;20;60;100;8
813;Triple Axel;Ice;Physical;10;20;90;8
814;Dual Wingbeat;Flying;Physical;10;40;90;8
815;Scorching Sands;Ground;Special;10;70;100;8
816;Jungle Healing;Grass;Status;10;-1;-1;8
817;Wicked Blow;Dark;Physical;5;80;100;8
818;Surging Strikes;Water;Physical;5;25;100;8
819;Thunder Cage;Electric;Special;15;80;90;8
820;Dragon Energy;Dragon;Special;5;150;100;8
821;Freezing Glare;Psychic;Special;10;90;100;8
822;Fiery Wrath;Dark;Special;10;90;100;8
823;Thunderous Kick;Fighting;Physical;10;90;100;8
824;Glacial Lance;Ice;Physical;5;130;100;8
825;Astral Barrage;Ghost;Special;5;120;100;8
826;Eerie Spell;Psychic;Special;5;80;100;8
827;Dire Claw;Poison;Physical;15;60;100;8
828;Psyshield Bash;Psychic;Physical;10;70;90;8
829;Power Shift;Normal;Status;10;-1;-1;8
830;Stone Axe;Rock;Physical;15;65;90;8
831;Springtide Storm;Fairy;Special;5;95;80;8
832;Mystical Power;Psychic;Special;10;70;90;8
833;Raging Fury;Fire;Physical;10;90;85;8
834;Wave Crash;Water;Physical;10;75;100;8
835;Chloroblast;Grass;Special;5;120;95;8
836;Mountain Gale;Ice;Physical;5;100;85;8
837;Victory Dance;Fighting;Status;20;-1;-1;8
838;Headlong Rush;Ground;Physical;5;100;100;8
839;Barb Barrage;Poison;Physical;15;60;100;8
840;Esper Wing;Psychic;Special;10;75;90;8
841;Bitter Malice;Ghost;Special;15;60;100;8
842;Shelter;Steel;Status;10;-1;-1;8
843;Triple Arrows;Fighting;Physical;15;50;100;8
844;Infernal Parade;Ghost;Special;15;60;100;8
845;Ceaseless Edge;Dark;Physical;15;65;90;8
846;Bleakwind Storm;Flying;Special;5;95;80;8
847;Wildbolt Storm;Electric;Special;5;95;80;8
848;Sandsear Storm;Ground;Special;5;95;80;8
849;Lunar Blessing;Psychic;Status;10;-1;-1;8
850;Take Heart;Psychic;Status;10;-1;-1;8
